<?xml version="1.0" ?>
<doc>
	<label auto="true" type="str" verify="true"><![CDATA[Other]]></label>
	<author auto="true" type="list" verify="true">
		<item type="str"><![CDATA[DenPushkar]]></item>
	</author>
	<date auto="true" type="str" verify="true"><![CDATA[2022-08-31, 11:00]]></date>
	<link auto="true" type="str" verify="true"><![CDATA[https://habr.com/ru/company/rostelecom/blog/684816/]]></link>
	<title auto="true" type="str" verify="true"><![CDATA[Дизайн-система не равно UI-kit]]></title>
	<categories auto="true" type="list" verify="true">
		<item type="str"><![CDATA[Блог компании Ростелеком]]></item>
		<item type="str"><![CDATA[Веб-дизайн]]></item>
		<item type="str"><![CDATA[Интерфейсы]]></item>
		<item type="str"><![CDATA[ReactJS]]></item>
	</categories>
	<key_words auto="true" type="list" verify="true">
		<item type="str"><![CDATA[design-system]]></item>
		<item type="str"><![CDATA[ui]]></item>
		<item type="str"><![CDATA[ux]]></item>
		<item type="str"><![CDATA[react.js]]></item>
		<item type="str"><![CDATA[frontend]]></item>
		<item type="str"><![CDATA[front-end]]></item>
		<item type="str"><![CDATA[design pattern]]></item>
		<item type="str"><![CDATA[design system]]></item>
		<item type="str"><![CDATA[разработка]]></item>
		<item type="str"><![CDATA[интерфейсы]]></item>
	</key_words>
	<text auto="true" type="str" verify="true"><![CDATA[Дизайн-системы и UI-киты сейчас воспринимаются как равнозначные или тождественные. Но это не так! Более того, смешивать их будет чистым дилетантством. Что недопустимо для современных ui-ux дизайнеров и фронтендеров. В этой заметке я объясню почему.
Я Денис Пушкарь, оунер дизайн-системы Ростелекома. И я очень признателен своей талантливой команде за то, что они идут за мной, не смотря на все трудности. А их было не мало — мы с нуля сделали внутренний продукт для корпорации. Данная статья — выжимка нашего командного опыта и пройденного пути.
Хайп прошёл
Да, дизайн-система это продукт, и не важно, корпоративная она или рыночная. Эти (всегда дорогостоящие) проекты могут развиваться только в продуктовой парадигме, иначе погибнут в зародыше. О жизненном цикле систем расскажу в отдельной статье.
Строго говоря, дизайн-система это любая визуальная и (не или) информационная система, состоящая из массива подобных друг другу элементов, объединённых общим логическим центром. Система моноцентрична.
Информационно-визуальные системы. Первые дизайн-системы
Информационно-визуальные системы. Первые дизайн-системы
Навигация в зданиях, аэропортах, вокзалах. Городская навигация. Книжная и журнальная вёрстки. Дорожная разметка, знаки, светофоры и ПДД. Всё это можно назвать дизайн-системами, т.к они визуальные и про информацию.
Звучит странно, потому что термин «дизайн-система» за ними просто не закрепился. Но, благодаря хайпу несколько лет назад, закрепился за UI-системами для создания интерфейсов.
Как любая новая технология, дизайн-системы прошли свой бурный скачок, и выходят на плато развития.
Цикл Гартнера для дизайн-систем
Именно поэтому можно утверждать, что термин «дизайн-система» по состоянию на 2022 обзавёлся конкретным значением. Ну или определенные системы монополизировали право на этот термин.
Система
А теперь ближе к делу, что это за системы?
Всё просто — это система направленная на повышение перфоманса (эффективности) команды разработки цифровых продуктов.
Перфоманс команды — это производительность команды (скорость с которой задача реализуется с момента возникновения идеи до продакшна, или time to market) + качество, включающее продуктовую ценность.
Сферический цикл продуктовой разработки. Дизайн-системы положительно сказываются на фронтенде и ui-ux, а также на других шагах продуктового цикла.
На 2022 дизайн-системы повышают эффективность команды в срезе дизайн+код, соотв. повышение эффективности фронтендера и ui-ux дизайнера.
Если у всех участников руки из правильного места, и сама дизайн-система качественная, то косвенно она положительно сказывается и на других шагах продуктового цикла. И это правильно. Всякая дизайн-система — очень дорогое удовольствие. Если пользоваться ей не в полную меру, то она просто теряет всякий смысл.
Во-первых, дизайн-система — это более жирный и технологически продвинутый продукт, чем UI-kit
Разница между дизайн-системой и локальными ui-kit
UI-кит как правило лишен какого-то смыслового кусочка, который присущ дизайн-системе, но он вполне может существовать как отдельный проект.
Это может быть локальный ui-kit на реакте или вью, но его придётся развивать и поддерживать в одиночку. Тем временем другие разработчики не смогут переиспользоваться код в своих проектах. Все это в конечном счёте приведет к тому, что это будет инструмент заточенный под один-два проекта без задела на универсальность и высокий уровень надежности.
Это может быть UI-kit как библиотека в фигме, которые так любят плодить дизайнеры. В дизайн-студии «Ростелеком ИТ» на 55 дизайнеров мы используем больше 150 ui-китов. Но дизайн-система у нас одна.
Более 150 ui-китов в нашем пространстве, при размере команды в 55 дизайнеров
При этом в самой дизайн-системе есть UI-киты, но они подчиняются принципу дизайн=код.
Любая дизайн-система это ui-кит, но не каждый ui-кит это дизайн-система.
В статьях про дизайн-системы мусолят в основном одни и те же мысли про то, что ДС призваны соблюсти консистентность пользовательского опыта. Всё это давно не совсем так. Если вы откроете интерфейсы крупных компаний, то легко можете заметить как же они сильно отличаются. Визуальная консистентность сохраняется в основном благодаря исходникам из брендбука: цветовой схеме, шрифтам и логотипу.
Например, рассмотрим продукты Яндекса. У каждого из них очень разные задачи и соответствующие им интерфейсы. Чтобы команды экономили своё время, дизайн-система должна адаптироваться под каждый проект.
Если продакту нужен красивый промо-сайт для акции, а дизайнеру и разрабу приходится кастомить и детачить, то это хреновая дизайн-система. Инструмент не приспособился под задачи!
Гибкость и кастомизация, при сохранении перфоманса — вот главный вызов на сегодня для дизайн-систем.
Максимальная гибкость под задачи
Деньги
На самом деле дизайн-системы про деньги, которые экономятся за счёт того самого перфоманса команды.
Разработка вообще дорогая, и команда, которая при прочих равных (норм продакт, норм рп, норм бизнес) использует дизайн-систему — тупо выгоднее, т.к быстрее выпускает релизы. Чем такая же команда, но работающая «по-старинке».
Да, на первый взгляд разница может быть не заметна, дьявол как всегда кроется в мелочах, но посчитать экономику можно.
Мы в «Ростелеком ИТ» экономим время аджайл-команд на ~60 млн. ₽ в год в денежном эквиваленте. При стоимости команды дизайн-системы в 17 млн. в год. Продукт окупился уже не раз.
Так что UI-kit это приспособа для дизайнера и куча костылей для разраба. Вклад ui-китов в общий продуктовый цикл мизерный.
Польза отдельных ui-китов в общей картине it-производства
Что дальше
Развитие дизайн-систем как инструмента и дальше будет идти именно в этом русле —фокус на перфоманс. Идеальный сценарий: она за команду будет рисовать и верстать весь интерфейс. Даёшь многоуровневые нейросетки:
Первая распознаёт текстовый запрос дизайнера;
Вторая преобразует его в строгие вайрфреймы;
Третья собирает по ним вёрстку из npm-пакета с компонентами;
Четвёртая согласует вёрстку с фронтенд-логикой.
Вот это я понимаю дизайн-система, влажное светлое будущее.
Можно подумать что такой продукт оставит дизайнеров и фронтендеров без работы. Но я так не считаю, просто нам пора перейти из статуса ремесленников, которые зарабатывают на хлеб руками, в статус создателей.
Исследования, эмпатия к пользователям, и как следствие замысел продукта — вот чем мы должны заниматься. Вся эта мышиная возня с css стилями, метанием кнопочек по фигме — дрянь.
Фронтендер должен разрабатывать фронтенд-логику, а дизайнер проектировать пользовательский опыт. Всё остальное пускай делает машина.
Кратко
Дизайн-системы прошли экстремум и выходят на плато развития;
Цель ДС — перфоманс команд разработки и экономический эффект;
Дизайн-система технологически более развитый и полноценный продукт, нежели ui-киты;
Развитие систем пойдёт в сторону уменьшения ручной рутины с дизайнеров и фронтедеров.
Наш канал в тг.   Дизайн-системы и UI-киты сейчас воспринимаются как равнозначные или тождественные. Но это не так! Более того, смешивать их будет чистым дилетантством. Что недопустимо для современных ui-ux дизайнеров и фронтендеров. В этой заметке я объясню почему. Я Денис Пушкарь, оунер дизайн-системы Ростелекома. И я очень признателен своей талантливой команде за то, что они идут за мной, не смотря на все трудности. А их было не мало — мы с нуля сделали внутренний продукт для корпорации. Данная статья — выжимка нашего командного опыта и пройденного пути. дизайн-системы Ростелекома     Хайп прошёл Да, дизайн-система это продукт, и не важно, корпоративная она или рыночная. Эти (всегда дорогостоящие) проекты могут развиваться только в продуктовой парадигме, иначе погибнут в зародыше. О жизненном цикле систем расскажу в отдельной статье. О жизненном цикле систем расскажу в отдельной статье Строго говоря, дизайн-система это любая визуальная и (не или) информационная система, состоящая из массива подобных друг другу элементов, объединённых общим логическим центром. Система моноцентрична.  Информационно-визуальные системы. Первые дизайн-системы  Информационно-визуальные системы. Первые дизайн-системы Навигация в зданиях, аэропортах, вокзалах. Городская навигация. Книжная и журнальная вёрстки. Дорожная разметка, знаки, светофоры и ПДД. Всё это можно назвать дизайн-системами, т.к они визуальные и про информацию. Звучит странно, потому что термин «дизайн-система» за ними просто не закрепился. Но, благодаря хайпу несколько лет назад, закрепился за UI-системами для создания интерфейсов. Как любая новая технология, дизайн-системы прошли свой бурный скачок, и выходят на плато развития.  Цикл Гартнера для дизайн-систем Именно поэтому можно утверждать, что термин «дизайн-система» по состоянию на 2022 обзавёлся конкретным значением. Ну или определенные системы монополизировали право на этот термин. Система А теперь ближе к делу, что это за системы? Всё просто — это система направленная на повышение перфоманса (эффективности) команды разработки цифровых продуктов. Перфоманс команды — это производительность команды (скорость с которой задача реализуется с момента возникновения идеи до продакшна, или time to market) + качество, включающее продуктовую ценность. Перфоманс команды — это производительность команды (скорость с которой задача реализуется с момента возникновения идеи до продакшна, или time to market) + качество, включающее продуктовую ценность.  Сферический цикл продуктовой разработки. Дизайн-системы положительно сказываются на фронтенде и ui-ux, а также на других шагах продуктового цикла. На 2022 дизайн-системы повышают эффективность команды в срезе дизайн+код, соотв. повышение эффективности фронтендера и ui-ux дизайнера. Если у всех участников руки из правильного места, и сама дизайн-система качественная, то косвенно она положительно сказывается и на других шагах продуктового цикла. И это правильно. Всякая дизайн-система — очень дорогое удовольствие. Если пользоваться ей не в полную меру, то она просто теряет всякий смысл. Во-первых, дизайн-система — это более жирный и технологически продвинутый продукт, чем UI-kit  Разница между дизайн-системой и локальными ui-kit UI-кит как правило лишен какого-то смыслового кусочка, который присущ дизайн-системе, но он вполне может существовать как отдельный проект. Это может быть локальный ui-kit на реакте или вью, но его придётся развивать и поддерживать в одиночку. Тем временем другие разработчики не смогут переиспользоваться код в своих проектах. Все это в конечном счёте приведет к тому, что это будет инструмент заточенный под один-два проекта без задела на универсальность и высокий уровень надежности. Это может быть UI-kit как библиотека в фигме, которые так любят плодить дизайнеры. В дизайн-студии «Ростелеком ИТ» на 55 дизайнеров мы используем больше 150 ui-китов. Но дизайн-система у нас одна.  Более 150 ui-китов в нашем пространстве, при размере команды в 55 дизайнеров При этом в самой дизайн-системе есть UI-киты, но они подчиняются принципу дизайн=код. Любая дизайн-система это ui-кит, но не каждый ui-кит это дизайн-система. Любая дизайн-система это ui-кит, но не каждый ui-кит это дизайн-система. В статьях про дизайн-системы мусолят в основном одни и те же мысли про то, что ДС призваны соблюсти консистентность пользовательского опыта. Всё это давно не совсем так. Если вы откроете интерфейсы крупных компаний, то легко можете заметить как же они сильно отличаются. Визуальная консистентность сохраняется в основном благодаря исходникам из брендбука: цветовой схеме, шрифтам и логотипу.  Например, рассмотрим продукты Яндекса. У каждого из них очень разные задачи и соответствующие им интерфейсы. Чтобы команды экономили своё время, дизайн-система должна адаптироваться под каждый проект. Если продакту нужен красивый промо-сайт для акции, а дизайнеру и разрабу приходится кастомить и детачить, то это хреновая дизайн-система. Инструмент не приспособился под задачи! Гибкость и кастомизация, при сохранении перфоманса — вот главный вызов на сегодня для дизайн-систем. Гибкость и кастомизация, при сохранении перфоманса — вот главный вызов на сегодня для дизайн-систем.  Максимальная гибкость под задачи Деньги На самом деле дизайн-системы про деньги, которые экономятся за счёт того самого перфоманса команды. Разработка вообще дорогая, и команда, которая при прочих равных (норм продакт, норм рп, норм бизнес) использует дизайн-систему — тупо выгоднее, т.к быстрее выпускает релизы. Чем такая же команда, но работающая «по-старинке». Да, на первый взгляд разница может быть не заметна, дьявол как всегда кроется в мелочах, но посчитать экономику можно. Мы в «Ростелеком ИТ» экономим время аджайл-команд на ~60 млн. ₽ в год в денежном эквиваленте. При стоимости команды дизайн-системы в 17 млн. в год. Продукт окупился уже не раз. Мы в «Ростелеком ИТ» экономим время аджайл-команд на ~60 млн. ₽ в год в денежном эквиваленте. При стоимости команды дизайн-системы в 17 млн. в год. Продукт окупился уже не раз. Так что UI-kit это приспособа для дизайнера и куча костылей для разраба. Вклад ui-китов в общий продуктовый цикл мизерный.  Польза отдельных ui-китов в общей картине it-производства Что дальше Развитие дизайн-систем как инструмента и дальше будет идти именно в этом русле —фокус на перфоманс. Идеальный сценарий: она за команду будет рисовать и верстать весь интерфейс. Даёшь многоуровневые нейросетки: Первая распознаёт текстовый запрос дизайнера;
Вторая преобразует его в строгие вайрфреймы;
Третья собирает по ним вёрстку из npm-пакета с компонентами;
Четвёртая согласует вёрстку с фронтенд-логикой. Первая распознаёт текстовый запрос дизайнера; Первая распознаёт текстовый запрос дизайнера; Вторая преобразует его в строгие вайрфреймы; Вторая преобразует его в строгие вайрфреймы; Третья собирает по ним вёрстку из npm-пакета с компонентами; Третья собирает по ним вёрстку из npm-пакета с компонентами; Четвёртая согласует вёрстку с фронтенд-логикой. Четвёртая согласует вёрстку с фронтенд-логикой.  Вот это я понимаю дизайн-система, влажное светлое будущее. Можно подумать что такой продукт оставит дизайнеров и фронтендеров без работы. Но я так не считаю, просто нам пора перейти из статуса ремесленников, которые зарабатывают на хлеб руками, в статус создателей. Исследования, эмпатия к пользователям, и как следствие замысел продукта — вот чем мы должны заниматься. Вся эта мышиная возня с css стилями, метанием кнопочек по фигме — дрянь. Исследования, эмпатия к пользователям, и как следствие замысел продукта — вот чем мы должны заниматься. Вся эта мышиная возня с css стилями, метанием кнопочек по фигме — дрянь. Фронтендер должен разрабатывать фронтенд-логику, а дизайнер проектировать пользовательский опыт. Всё остальное пускай делает машина.   Кратко Дизайн-системы прошли экстремум и выходят на плато развития;
Цель ДС — перфоманс команд разработки и экономический эффект;
Дизайн-система технологически более развитый и полноценный продукт, нежели ui-киты;
Развитие систем пойдёт в сторону уменьшения ручной рутины с дизайнеров и фронтедеров. Дизайн-системы прошли экстремум и выходят на плато развития; Дизайн-системы прошли экстремум и выходят на плато развития; Цель ДС — перфоманс команд разработки и экономический эффект; Цель ДС — перфоманс команд разработки и экономический эффект; Дизайн-система технологически более развитый и полноценный продукт, нежели ui-киты; Дизайн-система технологически более развитый и полноценный продукт, нежели ui-киты; Развитие систем пойдёт в сторону уменьшения ручной рутины с дизайнеров и фронтедеров. Развитие систем пойдёт в сторону уменьшения ручной рутины с дизайнеров и фронтедеров. Наш канал в тг. Наш канал в тг. канал ]]></text>
</doc>
