<?xml version="1.0" ?>
<doc>
	<label auto="true" type="str" verify="true"><![CDATA[Other]]></label>
	<author auto="true" type="list" verify="true">
		<item type="str"><![CDATA[Aggravator]]></item>
	</author>
	<date auto="true" type="str" verify="true"><![CDATA[2022-04-27, 14:44]]></date>
	<link auto="true" type="str" verify="true"><![CDATA[https://habr.com/ru/post/663244/]]></link>
	<title auto="true" type="str" verify="true"><![CDATA[Lego Ideas: как превратить идею в полноценный набор Lego]]></title>
	<categories auto="true" type="list" verify="true">
		<item type="str"><![CDATA[Работа с 3D-графикой]]></item>
		<item type="str"><![CDATA[Читальный зал]]></item>
		<item type="str"><![CDATA[Будущее здесь]]></item>
	</categories>
	<key_words auto="true" type="list" verify="true">
		<item type="str"><![CDATA[lego]]></item>
		<item type="str"><![CDATA[краудфандинг]]></item>
	</key_words>
	<text auto="true" type="str" verify="true"><![CDATA[Lego Ideas - FAR: LONE SAILS - LOCOMOTIVE

В этой статье хотел бы рассмотреть один интересный ресурс — Lego Ideas, и поделится своим опытом публикации работ на нем. Примечательно то, что даже если у вас нет под рукой конструктора Lego — не проблема. Главное обладать хорошей фантазией и любить собирать конструкторы (ну и компьютер не помешает). Также упомяну, что участник должен быть старше 12 лет.
Сайт Lego Ideas, разработанный компанией LEGO Group, позволяет пользователям делится своими идеями для участия в розыгрыше призов, или даже для полноценного выпуска вашей идеи в качестве официального набора Lego. Как только я узнал про данную возможность, моему вдохновению не было предела, и я начал разбираться.
Всего на сайте есть 3 вида участия: Activities, Challenges и Product Ideas.
Activities — простенькие упражнения, которые проводятся почти каждую неделю и в которых нет ни призов, ни победителей. Поучаствовать можно только для проверки своих сил, или чтобы размяться. Большего интереса вызывают 2 следующих конкурса, ради которых уже можно постараться.
Challenges – полноценные конкурсы, которые проводятся намного реже и длятся примерно месяц. В них уже намного больше ограничений и требований, которые описаны в условиях самого конкурса. Конкурсы проходят в несколько этапов: после подачи работ судьи обычно выбирает несколько понравившихся. Затем начинается стадия голосования, в котором любой зарегистрированный пользователь может проголосовать за понравившуюся работу. По результатам голосования объявляются победители, которые получают ценные призы (наборы Lego, путешествия, либо что-то другое). Примечательно что победителей обычно может быть несколько. Главный приз забирает тот, кто занял первое место, а несколько других за ним — не менее хорошие призы.
И наконец Product Ideas – самый интересный и в то же время сложный конкурс. Но и приз себя оправдывает. Как пишут сами авторы проекта «Идеи продукта требуют много времени для разработки, вам придется продвигать свой проект, и только самые лучшие покорят сердца». Опубликовать свою идею вы можете в любое время, после чего любой зарегистрированный пользователь может проголосовать за вашу работу. Целью является 10 000 голосов, после чего идея будет рассмотрена командой Lego. Если идею одобрят — она выйдет как официальный набор, а автор получит 1% от ее продаж и 10 копий этого же набора.
Однако тут не всё так просто. У вашей опубликованной работы будет ограниченное время, чтобы набрать голоса. Чтобы набрать первые 100 голосов — вам дается 60 дней. По достижении этой отметки вам предстоит набрать 1000 голосов за 365 дней, затем 5000 за 182 дня и наконец 10000 еще за 182 дня. Если вы наберете какую-то отметку раньше крайней даты — количество дней просто прибавится к тем, которые остались. Однако если время выйдет, и работа не успеет набрать достаточно голосов — работа помечается «Просроченной» и выбывает из конкурса.
Публикация работы
100 голосов
1000 голосов
5000 голосов
10000 голосов
60 дней
+12 месяцев
+6 месяцев
+6 месяцев
Экспертная оценка
Вторым нюансом является то, что даже при достижении 10000 голосов, работа всё-равно может быть отклонена командой Lego. Я видел уже несколько работ, которые очень быстро набирали заветные 10000, но их отклоняли по тем или иным причинам. Если работу отклонят, то команда Lego обещают до трех продуктов LEGO на общую сумму 500 долларов в качестве утешительного приза.
Lego - Plants vs. Zombies


Для набора 10000 голосов работу можно периодически обновлять (улучшать, менять картинки, описание и теги), однако делать это можно только раз в месяц! В общей сложности на весь этот процесс и ожидание уйдет около двух лет, по-этому если решили поучаствовать — стоит набраться терпения.
Инструментарий для создания набора
Когда я впервые узнал про возможность создавать свои наборы и участвовать в конкурсах по Lego, я немного растерялся. Все мои детские наборы остались в другом городе, да и если бы они были, нужных деталей явно не нашлось бы для моих идей. Я принялся искать программу, которая позволяла бы собирать наборы из доступных частей Lego, и по итогу остановил свой выбор на BrickLink Studio. Есть и альтернативы данной программе, но даже на сайте Lego Ideas рекомендуют именно ее. Эта программа отлично справляется со своей задачей: библиотека всех доступных деталек Lego, (которые выпускаются на текущий момент), качественный рендер получившейся модели и даже создание инструкций по сборке! (не для этих конкурсов, но возможность весьма интересная). По той же ссылке есть ссылка на скачивание программы PartDesigner, которая хорошо дополняет первую программу возможностью кастомизировать детали. Благодаря ей вы сможете накладывать на детали любые изображения, создавать свои минифигурки и импортировать их непосредственно в Studio 2.0.
Управление и интерфейс
Интерфейс программы интуитивно понятен. Управление курсором во многом напоминает аналогичные программы для 3D-моделирования. Колесиком управляем масштабом, зажав ПКМ меняем ракурс, ЛКМ работаем с деталями и всем остальным. Список деталей разбит на группы, и их можно найти несколькими способами: по группе, по названию самой детали (которые запомнятся со временем), по их размеру либо по номеру детали.
Из инструментов доступны поворот («Hinge»), клонирование («Clone») и перемещение, доступное при нажатии на детальке ЛКМ и выбрав из контекстного меню иконку перемещения. Инструмент «Connect» позволяет выбрать часть детали, которую вы ходите соединить, и выбрать другую доступную для соединения часть.
Также из интересных возможностей есть функция «Collision», которая при включении показывает прозрачными те блоки, которые накладываются друг на друга. Выделив несколько деталей, можно создать подмодель, вызвав контекстное меню ПКМ. Это позволят разбить большую модель на более мелкие и позднее редактировать их по-отдельности, либо перемещать сразу всю группу.
Инструментарий программы Studio 2.0
Последним из полезных функций выделю «Render», который позволяет выбрать нужный ракурс и сохранить изображение вашей модели. Другие возможности программы можно прочитать на начальном экране.
Отмечу что в списке деталей справа, если какая-то деталь отмечена желтым восклицательным знаком — значит она окрашена в цвет, который ей не доступен в реальности (нет в производстве). И в таком случае деталь нужно перекрасить в другой доступный цвет. (В палитре цветов есть галочка «Hide unavailable colors», которая спрячет все недоступные цвета для данной детали). Если же вы наоборот заведомо знаете нужный вам цвет, и ищете деталь под этот цвет — справа от поиска деталей тоже есть палитра цветов, в которой при включении «Hide unavailable parts in the selected color» программа отобразит только те детали, которым доступен выбранный цвет.
Примеры сборок
После освоения программы я задался вопросом, а как же мне собирать те вещи, которые уже в каком-то наборе собраны, либо если не знаю с чем объединяется какая-то деталь? Для этих задач я нашел 2 полезных сайта:
По этой ссылке можно скачать инструкции большинства наборов Lego, которые официально выходили ранее. На нем я искал примеры и похожие модели, которые помогали мне собрать похожие идеи. Зачем собирать велосипед, если его уже собирали?) В конце каждой инструкции есть список деталей, которые использовались в наборе. Под каждым из них есть его номер. И тут есть нюанс. В нашей программе можно искать детали по номеру самой детали. А в инструкциях по сборке указаны номера деталей определенного цвета. То-есть у базовой детали один номер, а у каждого цвета этой же детали — другие номера. И вот тут мне пригодился второй сайт.
https://rebrickable.com/ - на нем через поиск можно найти деталь по номеру из инструкции, после чего во всплывающем результате перейти на нужную деталь и узнать номер базовой детали (исключая цвет). Вот этот номер уже можно вставить в программу и найти деталь, которая вам нужна.
В добавок к этому на сайте можно посмотреть наборы, в которых использовалась найденная вами деталь (при переходе на определенный цвет детали). Это упрощает поиск примеров для вашей идеи. А может она уже собрана?)
OBAN STAR-RACERS: THE WHIZZING ARROW 3
Благодаря инструкциям я увидел как взаимодействуют между собой некоторые детали, как добавить механизмы и движения в набор и тд. Это очень упростило процесс сборки. Единственной проблемой осталось непонимание, какие есть интерактивные детали (которые как-то движутся, светятся и тд.) и как они работают. Это пришлось постигать на просторах ютуба и по визуальным объяснениям в схемах. Конечно было бы намного проще, если бы у меня были под рукой такие наборы. Но увы.
Поиск идей
Перед непосредственной сборкой идеи хочется обсудить саму идею. На сайте Lego Ideas очень жесткие правила для подачи работ. В частности запрещена подача работ по многим франшизам. Я так обжегся дважды, собрав наборы, которые запрещены для подачи из-за авторских прав. Потому предлагаю следующий метод: если ваша идея абстрактная, не связанная с каким-либо продуктом (кино, видеоигры, сериалы и тд.) - тогда смело выбирайте первый вариант при подаче работы, выбрав «No, it's my original idea» (Подать работу можно по ссылке). Если же ваша идея основана на какой-то франшизе — то перед началом сбора настоятельно рекомендую проверить разрешена ли она. Для этого нужно ввести ее во втором варианте «Yes, it's based on an existing IP». Если она отмечена зеленой галочкой — всё хорошо, можно креативить. Если же нет — нужно придумать что-то другое. В случае, если франшиза вообще не найдена — вы можете подать свою идею на свой страх и риск. При проверке модераторы определят, разрешена ли франшиза, на которой основана ваша идея. И тут как повезет.
Рендер
Lego - Sonic the Hedgehog 2 - Chemical Plant Zone
После воплощения вашей идеи в 3D модель — пришло время отрендерить ее и подать заявку на рассмотрение. Опишу несколько моментов. В самом окне рендера я рекомендую вкладку «Photoreal». В остальном можете выбрать настройки на ваше усмотрение. Можно настроить ракурс камеры, выбрать цвет фона, размер картинки (рекомендую устанавливать больше 1280x720px). После выбора настроек добавьте картинку в очередь на рендер кнопкой «Add to Queue», и можете продолжить выбирать другие ракурсы.
Когда добавите все нужные ракурсы в очередь — переходим во вкладку Queue и нажимаем «Render Queue». Начнется процесс рендера, который займет какое-то время и ресурсы компьютера.
Публикация работы
Для публикации своей работы на сайте нужно придумать название, описание, теги и добавить картинки вашей работы. Минимальный размер картинок для загрузки — 1280x720px. Максимальный размер файлов — 5MB. Перед публикацией разрешено пользоваться фотошопом для цветокоррекции изображений, изменения размеров и тд. Я также обычно указываю стрелками интерактивные элементы, которые в реальности будут двигаться. Но тут будьте аккуратны. Модераторы не любят коллажи и любой другой лишний дизайн на ваших картинках, из-за чего вашу работу могут не принять с первого раза, а отправят вам на доработку с указанием причины возврата. Мне одну работу вернули 6 раз, так что я знаю о чем говорю) Нужно чтоб саму модель ничто не перекрывало.
По поводу текстовой информации по вашей работе — всё должно быть на английском. Так что открываем переводчик вспоминаем английский, и творим. Как я упоминал раннее, работу можно будет отредактировать только через месяц после публикации.
Lego Ideas - NARUTO: ATTACK OF THE NINE TAILS


В целом это всё, чем я хотел поделиться. Буду рад если кому-то эта статья будет полезна. Это моя первая публикация, так что критика приветствуется. Если будет интересно — напишу вторую часть про создание анимации модели, рисование кастомных минифигурок и что-нибудь еще.  Lego Ideas - FAR: LONE SAILS - LOCOMOTIVE В этой статье хотел бы рассмотреть один интересный ресурс — Lego Ideas, и поделится своим опытом публикации работ на нем. Примечательно то, что даже если у вас нет под рукой конструктора Lego — не проблема. Главное обладать хорошей фантазией и любить собирать конструкторы (ну и компьютер не помешает). Также упомяну, что участник должен быть старше 12 лет.  Lego Ideas Сайт Lego Ideas, разработанный компанией LEGO Group, позволяет пользователям делится своими идеями для участия в розыгрыше призов, или даже для полноценного выпуска вашей идеи в качестве официального набора Lego. Как только я узнал про данную возможность, моему вдохновению не было предела, и я начал разбираться. Lego Ideas Lego Ideas Всего на сайте есть 3 вида участия: Activities, Challenges и Product Ideas. Activities]]></text>
</doc>
