<?xml version="1.0" ?>
<doc>
	<label auto="true" type="str" verify="true"><![CDATA[Develop]]></label>
	<author auto="true" type="list" verify="true">
		<item type="str"><![CDATA[anton_k16]]></item>
	</author>
	<date auto="true" type="str" verify="true"><![CDATA[2022-12-13, 11:12]]></date>
	<link auto="true" type="str" verify="true"><![CDATA[https://habr.com/ru/company/intervolga/blog/705130/]]></link>
	<title auto="true" type="str" verify="true"><![CDATA[Экономим время HRa и нервы ИТ-дира, внедряя HR-платформу в Битрикс24]]></title>
	<categories auto="true" type="list" verify="true">
		<item type="str"><![CDATA[Блог компании ИНТЕРВОЛГА]]></item>
		<item type="str"><![CDATA[Высокая производительность]]></item>
		<item type="str"><![CDATA[Управление персоналом]]></item>
	</categories>
	<key_words auto="true" type="list" verify="true">
		<item type="str"><![CDATA[битрикс24]]></item>
		<item type="str"><![CDATA[hr-платформа]]></item>
		<item type="str"><![CDATA[hr платформа rae]]></item>
		<item type="str"><![CDATA[корпоративная платформа]]></item>
		<item type="str"><![CDATA[модуль адаптации]]></item>
		<item type="str"><![CDATA[адаптация нового сотрудника]]></item>
	</key_words>
	<text auto="true" type="str" verify="true"><![CDATA[Меня зовут Антон Колодницкий, в компании ИНТЕРВОЛГА я руковожу разработкой HR-платформы для Битрикс24. Сегодня расскажу, как мы помогли улучшить процесс адаптации в крупной производственной компании.
Адаптация персонала — ключевая задача в компаниях от 500 человек. В небольших организациях (обычно) нанимается всего несколько человек в месяц. В таких условиях можно ограничиться чек-листом или просто пустить всё на самотёк — коллектив маленький и дружный, кто-нибудь расскажет новичку что и как.
Nota bene: не стоит называть адаптацией процесс обучения конкретным навыкам или, вводный инструктаж на месте. Адаптация — это про умиротворение и работу в состоянии потока.
Если же в месяц нанимается от 10-15 сотрудников, приходится задуматься о выстраивании и автоматизации процесса адаптации. Понятно, что говорить, учить и знакомить с жизнью компании все равно будут живые люди, а технологии помогут и проконтролируют.
Мы используем для этого HR-платформу для Битрикс24 собственной разработки. Вы можете спросить — почему Б24? На текущий момент это самое удачное решение для корпоративных порталов и HR-задач. MS Sharepoint и SAP Success Factors уходят из России, да и стоимость их запредельная. Специализированные решения типа iSpring, Talantix и т.д. не подходят для построения корпоративных порталов и бизнес-процессов.
Битрикс24, как российское ПО, становится подходящей платформой за вполне вменяемые деньги.
Ниже сам кейс, а в конце для интересующихся краткий обзор других функций нашей платформы.
Экономим сотни часов работы HR-службы
Автоматизацию адаптации персонала мы проводили для SINTEC Group. Компания занимается производством моторных масел, смазочных материалов и антифризов, является одним из лидеров отрасли в России.
Нужно было:
Снизить затраты времени HR-специалиста на постановку задач по адаптации;
Организовать прозрачный контроль за прогрессом адаптации;
Формировать наглядные отчёты для HR-руководителей.
В компании уже был Битрикс24, система работала нормально. ИТ-руководитель логично считал, что не стоит заводить ещё одну систему, если можно использовать существующую без космических затрат.
Платформа RAE пригодилась, мы были готовы быстро запуститься. 
Базовый набор требований
Совместно с клиентом определили базовый набор требований:
список требований клиента к hr платформе
Условно, все сценарии можно поделить на две группы:
Для новых сотрудников — помогают новичкам быстро понять что к чему.
Для специалиста по кадрам — помогают ему понять, есть ли проблемы.
Сценарии для новых сотрудников
В компании Sintec всех сотрудников добавляют в Битрикс24, т.к. портал активно используется в повседневных процессов. Мы решили, что будет хорошо, если первая страница, на которую попадёт пользователь, будет как раз рассказывать про важные для новичка вещи.
Итак, при первой авторизации, пользователь попадает на страницу «Адаптация сотрудника».
Здесь он видит приветственное сообщение и коллег, которые помогут пройти период адаптации — Куратора и сотрудника HR-службы. Естественно, ссылки на сотрудников поддерживают отображение их контактов. Также из всплывающего окна можно сразу позвонить или написать сообщение.
Далее страница содержит список этапов, которые нужно пройти для полноценной адаптации.
адаптация нового сотрудника в компании
Чтобы сделать модуль универсальным и доступным для переработки клиентом (и для дальнейшего использования), мы выделили три типа основных заданий.
Ознакомление с документом — выводятся ссылки на файлы на диске портала. После прочтения, пользователь должен нажать кнопку Ознакомлен. Это считается подтверждением ознакомления и кнопка становится зелёным чек-боксом.
инструктаж для новых сотрудников в корпоративной платформе
знакомство нового сотрудника с корпоративными правилами
Задачи в Битрикс24 — известные нам задачи в портале. Работа системы адаптации модуля состоит в автоматическом создании списка таких задач для нового сотрудника. Каждой задаче заранее задаётся описание, ответственные и т.д.
По факту завершения задачи, этап считается пройденным.
знакомство нового сотрудника с руководителем
Если в задаче нужна обратная связь от сотрудника, мы можем потребовать у него оставить комментарий.
завершение задания адаптации
Третий тип заданий — действие на портале. Например, мы можем попросить пользователя загрузить фото. Чтобы выполнить действие нужно нажать Приступить на странице адаптации. После загрузки фотографии отмечаем этап как завершённый.
заполнение профиля в корпоративном портале
Сама страница адаптации, поддерживает визуальное редактирование, можно разместить там дополнительный текст, карту офиса или видеоролик о компании.
Инструктаж по безопасности в корпоративном портале
Для удобства, выполненные этапы отмечаются зелёными галочками и сворачиваются. Если нужно, пользователь может развернуть пройденный этап и скачать нужный документ или освежить что-то в памяти.
поэтапная задача адаптации нового сотрудника
Сценарий для специалиста отдела кадров
У HR-специалиста свой отдельный интерфейс, в котором указан список сотрудников, проходящих адаптацию.
отчетность адаптации для hr
Для удобства сотрудников можно фильтровать или поменять состав столбцов.
Важный пункт — назначить сотруднику куратора можно прямо отсюда, не надо переходить в отдельные интерфейсы. Если куратор назначен, информация о нём выводится в таблице.
назначение куратора для нового сотрудника
Правая часть таблицы показывает, какие этапы адаптации были пройдены, а какие ещё нет. HR-специалист быстро может понять у кого и на каком этапе возникли сложности.
Для удобства реализовали простую цветовую индикацию статуса этапов.
статусы прохождения адаптации новых сотрудников
В конце месяца, HR-специалист должен отчитаться о том как идёт адаптация сотрудников. Чтобы это сделать, достаточно скинуть руководителю ссылку на данную страницу.
Или распечатать её, выгрузив предварительно в XLSX.
выгрузка отчетов в формате excel
Немного о настройке модуля адаптации
Чтобы клиент мог самостоятельно «тюнинговать» процесс адаптации, мы вынесли все настройки в отдельный административный раздел.
Настраивается как тест и визуальное оформление страницы, так и состав, очерёдность и тип этапов адаптации.
этапы адаптаций в корпоративном портале
Также настраиваются уведомления для сотрудников, которые рассылаются модулем адаптации. Здесь же можно указать, сотрудники каких подразделений должны проходить процедуру адаптации.
Сейчас мы прорабатываем возможность добавить разные маршруты адаптации, в зависимости от должности и отдела сотрудника. При разработке старались делать продукт расширяемым, чтобы можно было доработать под конкретного клиента.
Ниже кратко описали другие возможности нашего продукта.
RAE — HR-платформа для Битрикс24
стадии жизненного цикла сотрудника в компании
Прежде всего, для кого мы делали продукт? Выделяем четыре группы бизнес-пользователей:
пользователи HR-платформы на Битрикс24
Хорошее решение должно учитывать интересы всех. Что у нас есть?
Для HR-специалистов:
Процесс подбора, согласование вакансий, согласование соискателей, связь с соискателями.
Процесс найма — подготовка к выходу сотрудника, оформление, рабочее место, доступы в ИТ-системы.
Процесс адаптации — помочь сотруднику влиться в коллектив, провести базовые тренинги, познакомить с компанией и коллегами.
Процесс обучения и развития — отдельный большой блок по ведению и развитию сотрудника.
Для бизнес-заказчиков:
Согласование новой роли или новой позиции перед размещением вакансии.
Запустить новую вакансию или разместить заявку на сотрудника.
Правильно ввести новичка в работу, назначить ему наставника, выдать базовые инструкции.
Создать комфортные условия, чтобы человек не сбежал от трудностей.
Для ИТ-руководителей:
Желательно обойтись без ещё одной ИТ-системы и её интеграции в существующий ландшафт или максимально упростить этот процесс.
Чтобы отечественный софт и 152-ФЗ.
Система должна быть открытой — чтобы доработать под себя.
Поиск команды для доработки не должен быть долгим — команд должно быть много.
Для сотрудников:
Адаптация и вводный инструктаж в удобной форме.
Блок обучения внутри портала.
Чтобы удовлетворить эти требования, мы разработали HR-платформу RAE.
Состав платформы
Платформа состоит из трёх блоков:
составные части HR-платформы RAE
Автоматизация найма:
Расширения для копирования резюме.
Раздел с вакансиями в Битрикс24.
Раздел с резюме в Битрикс24.
Отчётность в Битрикс24.
Настраиваемый процесс обработки резюме в Битрикс24.
Процедура согласования кандидата и назначения собеседования.
Процедура сбора обратной связи с заказчика по итогам собеседования.
дашборд руководителя в в HR платформе
Приём на работу и адаптация:
Автоматическая постановка задач для приёма на работу.
Отчёт для HR-специалиста по статусу прохождения приёма на работу.
Автоматическое создание аккаунта пользователя в Битрикс24.
Автоматическая постановка задач по адаптации сотрудника.
Страница «Новому сотруднику».
Отчёт для HR-специалиста по статусу прохождения адаптации.
Развитие персонала:
Курсы в Битрикс24.
Оценка 360.
В следующих статьях расскажем о платформе подробнее. Мы считаем её хорошим решением для быстрого решения HR-задач.
повышение квалификации сотрудников в рамках корпоративной платформы
Результаты внедрения модуля
Что же дало компании SINTEC автоматизация адаптации сотрудника? Мы посчитали — HR-специалисты клиента экономят несколько сотен часов работы в год. При этом повысилась прозрачность процесса адаптации как для кадровой службы, так и для самих новичков.
Если в компании работает от 500 человек и в месяц нанимается 10 – 15 новых сотрудников, автоматизация процесса адаптации становится выгодной — за год даже просто цена сэкономленного времени превысит затраты на внедрение.
Напоследок хочется узнать, как вы видите идеальный процесс адаптации? Что было важно для вас в первые недели работы? Меня зовут Антон Колодницкий, в компании ИНТЕРВОЛГА я руковожу разработкой HR-платформы для Битрикс24. Сегодня расскажу, как мы помогли улучшить процесс адаптации в крупной производственной компании. Адаптация персонала — ключевая задача в компаниях от 500 человек. В небольших организациях (обычно) нанимается всего несколько человек в месяц. В таких условиях можно ограничиться чек-листом или просто пустить всё на самотёк — коллектив маленький и дружный, кто-нибудь расскажет новичку что и как. Nota bene: не стоит называть адаптацией процесс обучения конкретным навыкам или, вводный инструктаж на месте. Адаптация — это про умиротворение и работу в состоянии потока. Если же в месяц нанимается от 10-15 сотрудников, приходится задуматься о выстраивании и автоматизации процесса адаптации. Понятно, что говорить, учить и знакомить с жизнью компании все равно будут живые люди, а технологии помогут и проконтролируют. Мы используем для этого HR-платформу для Битрикс24 собственной разработки. Вы можете спросить — почему Б24? На текущий момент это самое удачное решение для корпоративных порталов и HR-задач. MS Sharepoint и SAP Success Factors уходят из России, да и стоимость их запредельная. Специализированные решения типа iSpring, Talantix и т.д. не подходят для построения корпоративных порталов и бизнес-процессов. MS Sharepoint и SAP Success Factors уходят из России Битрикс24, как российское ПО, становится подходящей платформой за вполне вменяемые деньги. Ниже сам кейс, а в конце для интересующихся краткий обзор других функций нашей платформы. Экономим сотни часов работы HR-службы Автоматизацию адаптации персонала мы проводили для SINTEC Group. Компания занимается производством моторных масел, смазочных материалов и антифризов, является одним из лидеров отрасли в России. Нужно было: Снизить затраты времени HR-специалиста на постановку задач по адаптации;
Организовать прозрачный контроль за прогрессом адаптации;
Формировать наглядные отчёты для HR-руководителей. Снизить затраты времени HR-специалиста на постановку задач по адаптации; Снизить затраты времени HR-специалиста на постановку задач по адаптации; Организовать прозрачный контроль за прогрессом адаптации; Организовать прозрачный контроль за прогрессом адаптации; Формировать наглядные отчёты для HR-руководителей. Формировать наглядные отчёты для HR-руководителей. В компании уже был Битрикс24, система работала нормально. ИТ-руководитель логично считал, что не стоит заводить ещё одну систему, если можно использовать существующую без космических затрат. Платформа RAE пригодилась, мы были готовы быстро запуститься.  Платформа RAE Базовый набор требований Совместно с клиентом определили базовый набор требований:  список требований клиента к hr платформе Условно, все сценарии можно поделить на две группы: Для новых сотрудников — помогают новичкам быстро понять что к чему.
Для специалиста по кадрам — помогают ему понять, есть ли проблемы. Для новых сотрудников — помогают новичкам быстро понять что к чему. Для новых сотрудников — помогают новичкам быстро понять что к чему. Для специалиста по кадрам — помогают ему понять, есть ли проблемы. Для специалиста по кадрам — помогают ему понять, есть ли проблемы. Сценарии для новых сотрудников В компании Sintec всех сотрудников добавляют в Битрикс24, т.к. портал активно используется в повседневных процессов. Мы решили, что будет хорошо, если первая страница, на которую попадёт пользователь, будет как раз рассказывать про важные для новичка вещи. Итак, при первой авторизации, пользователь попадает на страницу «Адаптация сотрудника». Здесь он видит приветственное сообщение и коллег, которые помогут пройти период адаптации — Куратора и сотрудника HR-службы. Естественно, ссылки на сотрудников поддерживают отображение их контактов. Также из всплывающего окна можно сразу позвонить или написать сообщение. Далее страница содержит список этапов, которые нужно пройти для полноценной адаптации.  адаптация нового сотрудника в компании Чтобы сделать модуль универсальным и доступным для переработки клиентом (и для дальнейшего использования), мы выделили три типа основных заданий. Ознакомление с документом — выводятся ссылки на файлы на диске портала. После прочтения, пользователь должен нажать кнопку Ознакомлен. Это считается подтверждением ознакомления и кнопка становится зелёным чек-боксом. Ознакомление с документом  инструктаж для новых сотрудников в корпоративной платформе  знакомство нового сотрудника с корпоративными правилами Задачи в Битрикс24 — известные нам задачи в портале. Работа системы адаптации модуля состоит в автоматическом создании списка таких задач для нового сотрудника. Каждой задаче заранее задаётся описание, ответственные и т.д. адаптации модуля По факту завершения задачи, этап считается пройденным.  знакомство нового сотрудника с руководителем Если в задаче нужна обратная связь от сотрудника, мы можем потребовать у него оставить комментарий.  завершение задания адаптации Третий тип заданий — действие на портале. Например, мы можем попросить пользователя загрузить фото. Чтобы выполнить действие нужно нажать Приступить на странице адаптации. После загрузки фотографии отмечаем этап как завершённый. действие на портале  заполнение профиля в корпоративном портале Сама страница адаптации, поддерживает визуальное редактирование, можно разместить там дополнительный текст, карту офиса или видеоролик о компании.  Инструктаж по безопасности в корпоративном портале Для удобства, выполненные этапы отмечаются зелёными галочками и сворачиваются. Если нужно, пользователь может развернуть пройденный этап и скачать нужный документ или освежить что-то в памяти.  поэтапная задача адаптации нового сотрудника Сценарий для специалиста отдела кадров У HR-специалиста свой отдельный интерфейс, в котором указан список сотрудников, проходящих адаптацию.  отчетность адаптации для hr Для удобства сотрудников можно фильтровать или поменять состав столбцов. Важный пункт — назначить сотруднику куратора можно прямо отсюда, не надо переходить в отдельные интерфейсы. Если куратор назначен, информация о нём выводится в таблице.  назначение куратора для нового сотрудника Правая часть таблицы показывает, какие этапы адаптации были пройдены, а какие ещё нет. HR-специалист быстро может понять у кого и на каком этапе возникли сложности. Для удобства реализовали простую цветовую индикацию статуса этапов.  статусы прохождения адаптации новых сотрудников В конце месяца, HR-специалист должен отчитаться о том как идёт адаптация сотрудников. Чтобы это сделать, достаточно скинуть руководителю ссылку на данную страницу. Или распечатать её, выгрузив предварительно в XLSX.  выгрузка отчетов в формате excel Немного о настройке модуля адаптации Чтобы клиент мог самостоятельно «тюнинговать» процесс адаптации, мы вынесли все настройки в отдельный административный раздел. Настраивается как тест и визуальное оформление страницы, так и состав, очерёдность и тип этапов адаптации.  этапы адаптаций в корпоративном портале Также настраиваются уведомления для сотрудников, которые рассылаются модулем адаптации. Здесь же можно указать, сотрудники каких подразделений должны проходить процедуру адаптации. Сейчас мы прорабатываем возможность добавить разные маршруты адаптации, в зависимости от должности и отдела сотрудника. При разработке старались делать продукт расширяемым, чтобы можно было доработать под конкретного клиента. Ниже кратко описали другие возможности нашего продукта. RAE — HR-платформа для Битрикс24  стадии жизненного цикла сотрудника в компании Прежде всего, для кого мы делали продукт? Выделяем четыре группы бизнес-пользователей:  пользователи HR-платформы на Битрикс24 Хорошее решение должно учитывать интересы всех. Что у нас есть? Для HR-специалистов: Процесс подбора, согласование вакансий, согласование соискателей, связь с соискателями.
Процесс найма — подготовка к выходу сотрудника, оформление, рабочее место, доступы в ИТ-системы.
Процесс адаптации — помочь сотруднику влиться в коллектив, провести базовые тренинги, познакомить с компанией и коллегами.
Процесс обучения и развития — отдельный большой блок по ведению и развитию сотрудника. Процесс подбора, согласование вакансий, согласование соискателей, связь с соискателями. Процесс подбора, согласование вакансий, согласование соискателей, связь с соискателями. Процесс найма — подготовка к выходу сотрудника, оформление, рабочее место, доступы в ИТ-системы. Процесс найма — подготовка к выходу сотрудника, оформление, рабочее место, доступы в ИТ-системы. Процесс адаптации — помочь сотруднику влиться в коллектив, провести базовые тренинги, познакомить с компанией и коллегами. Процесс адаптации — помочь сотруднику влиться в коллектив, провести базовые тренинги, познакомить с компанией и коллегами. Процесс обучения и развития — отдельный большой блок по ведению и развитию сотрудника. Процесс обучения и развития — отдельный большой блок по ведению и развитию сотрудника. Для бизнес-заказчиков: Согласование новой роли или новой позиции перед размещением вакансии.
Запустить новую вакансию или разместить заявку на сотрудника.
Правильно ввести новичка в работу, назначить ему наставника, выдать базовые инструкции.
Создать комфортные условия, чтобы человек не сбежал от трудностей. Согласование новой роли или новой позиции перед размещением вакансии. Согласование новой роли или новой позиции перед размещением вакансии. Запустить новую вакансию или разместить заявку на сотрудника. Запустить новую вакансию или разместить заявку на сотрудника. Правильно ввести новичка в работу, назначить ему наставника, выдать базовые инструкции. Правильно ввести новичка в работу, назначить ему наставника, выдать базовые инструкции. Создать комфортные условия, чтобы человек не сбежал от трудностей. Создать комфортные условия, чтобы человек не сбежал от трудностей. Для ИТ-руководителей: Желательно обойтись без ещё одной ИТ-системы и её интеграции в существующий ландшафт или максимально упростить этот процесс.
Чтобы отечественный софт и 152-ФЗ.
Система должна быть открытой — чтобы доработать под себя.
Поиск команды для доработки не должен быть долгим — команд должно быть много. Желательно обойтись без ещё одной ИТ-системы и её интеграции в существующий ландшафт или максимально упростить этот процесс. Желательно обойтись без ещё одной ИТ-системы и её интеграции в существующий ландшафт или максимально упростить этот процесс. Чтобы отечественный софт и 152-ФЗ. Чтобы отечественный софт и 152-ФЗ. Система должна быть открытой — чтобы доработать под себя. Система должна быть открытой — чтобы доработать под себя. Поиск команды для доработки не должен быть долгим — команд должно быть много. Поиск команды для доработки не должен быть долгим — команд должно быть много. Для сотрудников: Адаптация и вводный инструктаж в удобной форме.
Блок обучения внутри портала. Адаптация и вводный инструктаж в удобной форме. Адаптация и вводный инструктаж в удобной форме. Блок обучения внутри портала. Блок обучения внутри портала. Чтобы удовлетворить эти требования, мы разработали HR-платформу RAE. HR-платформу RAE Состав платформы Платформа состоит из трёх блоков:  составные части HR-платформы RAE Автоматизация найма: Расширения для копирования резюме.
Раздел с вакансиями в Битрикс24.
Раздел с резюме в Битрикс24.
Отчётность в Битрикс24.
Настраиваемый процесс обработки резюме в Битрикс24.
Процедура согласования кандидата и назначения собеседования.
Процедура сбора обратной связи с заказчика по итогам собеседования. Расширения для копирования резюме. Расширения для копирования резюме. Раздел с вакансиями в Битрикс24. Раздел с вакансиями в Битрикс24. Раздел с резюме в Битрикс24. Раздел с резюме в Битрикс24. Отчётность в Битрикс24. Отчётность в Битрикс24. Настраиваемый процесс обработки резюме в Битрикс24. Настраиваемый процесс обработки резюме в Битрикс24. Процедура согласования кандидата и назначения собеседования. Процедура согласования кандидата и назначения собеседования. Процедура сбора обратной связи с заказчика по итогам собеседования. Процедура сбора обратной связи с заказчика по итогам собеседования.  дашборд руководителя в в HR платформе Приём на работу и адаптация: Автоматическая постановка задач для приёма на работу.
Отчёт для HR-специалиста по статусу прохождения приёма на работу.
Автоматическое создание аккаунта пользователя в Битрикс24.
Автоматическая постановка задач по адаптации сотрудника.
Страница «Новому сотруднику».
Отчёт для HR-специалиста по статусу прохождения адаптации. Автоматическая постановка задач для приёма на работу. Автоматическая постановка задач для приёма на работу. Отчёт для HR-специалиста по статусу прохождения приёма на работу. Отчёт для HR-специалиста по статусу прохождения приёма на работу. Автоматическое создание аккаунта пользователя в Битрикс24. Автоматическое создание аккаунта пользователя в Битрикс24. Автоматическая постановка задач по адаптации сотрудника. Автоматическая постановка задач по адаптации сотрудника. Страница «Новому сотруднику». Страница «Новому сотруднику». Отчёт для HR-специалиста по статусу прохождения адаптации. Отчёт для HR-специалиста по статусу прохождения адаптации. Развитие персонала: Курсы в Битрикс24.
Оценка 360. Курсы в Битрикс24. Курсы в Битрикс24. Оценка 360. Оценка 360. В следующих статьях расскажем о платформе подробнее. Мы считаем её хорошим решением для быстрого решения HR-задач.  повышение квалификации сотрудников в рамках корпоративной платформы Результаты внедрения модуля Что же дало компании SINTEC автоматизация адаптации сотрудника? Мы посчитали — HR-специалисты клиента экономят несколько сотен часов работы в год. При этом повысилась прозрачность процесса адаптации как для кадровой службы, так и для самих новичков. Если в компании работает от 500 человек и в месяц нанимается 10 – 15 новых сотрудников, автоматизация процесса адаптации становится выгодной — за год даже просто цена сэкономленного времени превысит затраты на внедрение. Напоследок хочется узнать, как вы видите идеальный процесс адаптации? Что было важно для вас в первые недели работы? ]]></text>
</doc>
